{"cameraMode":{"drawMode":0,"name":"Shaded","section":"Shading Mode"},"sceneLighting":false,"audioPlay":false,"sceneViewState":{"m_AlwaysRefresh":false,"showFog":true,"showSkybox":false,"showFlares":true,"showImageEffects":true,"showParticleSystems":true,"showVisualEffectGraphs":true,"m_FxEnabled":true},"in2DMode":false,"pivot":{"x":-0.18998998403549195,"y":0.26598599553108218,"z":0.18998998403549195},"rotation":{"x":0.010426799766719342,"y":-0.9406755566596985,"z":0.338053435087204,"w":0.029155081138014795},"size":0.5995982885360718,"orthographic":false}