{"cameraMode":{"drawMode":0,"name":"Shaded","section":"Shading Mode"},"sceneLighting":false,"audioPlay":false,"sceneViewState":{"m_AlwaysRefresh":false,"showFog":true,"showSkybox":false,"showFlares":true,"showImageEffects":true,"showParticleSystems":true,"showVisualEffectGraphs":true,"m_FxEnabled":true},"in2DMode":false,"pivot":{"x":-0.4374377727508545,"y":0.5114327073097229,"z":0.06300437450408936},"rotation":{"x":-0.0012603922514244915,"y":-0.9987134337425232,"z":0.04396947845816612,"w":-0.02695406973361969},"size":1.0423471927642823,"orthographic":false}