{"cameraMode":{"drawMode":0,"name":"Shaded","section":"Shading Mode"},"sceneLighting":false,"audioPlay":false,"sceneViewState":{"m_AlwaysRefresh":false,"showFog":true,"showSkybox":false,"showFlares":true,"showImageEffects":true,"showParticleSystems":true,"showVisualEffectGraphs":true,"m_FxEnabled":true},"in2DMode":false,"pivot":{"x":0.6256672143936157,"y":0.22784800827503205,"z":0.48453566431999209},"rotation":{"x":0.05367318168282509,"y":-0.7592286467552185,"z":0.06318671256303787,"w":0.6455526947975159},"size":0.6213666200637817,"orthographic":false}