{"cameraMode":{"drawMode":0,"name":"Shaded","section":"Shading Mode"},"sceneLighting":true,"audioPlay":false,"sceneViewState":{"m_AlwaysRefresh":false,"showFog":true,"showSkybox":true,"showFlares":true,"showImageEffects":true,"showParticleSystems":true,"showVisualEffectGraphs":true,"m_FxEnabled":true},"in2DMode":false,"pivot":{"x":7.977418422698975,"y":-0.6733608245849609,"z":-5.120527267456055},"rotation":{"x":0.11271043121814728,"y":0.4243409335613251,"z":-0.053301725536584857,"w":0.8969159722328186},"size":13.641549110412598,"orthographic":true}