{"cameraMode":{"drawMode":0,"name":"Shaded","section":"Shading Mode"},"sceneLighting":true,"audioPlay":false,"sceneViewState":{"m_AlwaysRefresh":false,"showFog":true,"showSkybox":true,"showFlares":true,"showImageEffects":true,"showParticleSystems":true,"showVisualEffectGraphs":true,"m_FxEnabled":true},"in2DMode":false,"pivot":{"x":11.643202781677246,"y":-1.5395724773406983,"z":12.322244644165039},"rotation":{"x":0.11512985080480576,"y":0.44975745677948,"z":-0.05850917845964432,"w":0.8838160037994385},"size":13.779276847839356,"orthographic":false}