{"cameraMode":{"drawMode":0,"name":"Shaded","section":"Shading Mode"},"sceneLighting":false,"audioPlay":false,"sceneViewState":{"m_AlwaysRefresh":false,"showFog":true,"showSkybox":false,"showFlares":true,"showImageEffects":true,"showParticleSystems":true,"showVisualEffectGraphs":true,"m_FxEnabled":true},"in2DMode":false,"pivot":{"x":0.31700611114501955,"y":0.3090124726295471,"z":-0.189845472574234},"rotation":{"x":-0.09066062420606613,"y":-0.5497257709503174,"z":-0.060122862458229068,"w":0.8282346129417419},"size":0.41071632504463198,"orthographic":false}